{
  "SVR": {
    "cv_r2": 0.4659332401500924,
    "train_r2": 0.6358489346076139,
    "overfit": 0.16991569445752153,
    "params": {
      "kernel": "rbf",
      "C": 2.6475736370673424,
      "epsilon": 0.978983377066901,
      "gamma": "auto"
    }
  },
  "ElasticNet": {
    "cv_r2": 0.41596911823171157,
    "train_r2": 0.5120514806859129,
    "overfit": 0.09608236245420132,
    "params": {
      "alpha": 0.29881621015978993,
      "l1_ratio": 0.36249389957804273,
      "max_iter": 5000
    }
  },
  "XGBoost": {
    "cv_r2": 0.5050365822785143,
    "train_r2": 0.6988445203389361,
    "overfit": 0.19380793806042174,
    "params": {
      "n_estimators": 459,
      "learning_rate": 0.012098466377773039,
      "max_depth": 3,
      "min_child_weight": 16,
      "subsample": 0.507569060549898,
      "colsample_bytree": 0.6646378492008741,
      "colsample_bylevel": 0.6443865478898068,
      "gamma": 2.279944505533529,
      "reg_alpha": 12.943957766644482,
      "reg_lambda": 5.027082469717247,
      "random_state": 42,
      "n_jobs": -1,
      "verbosity": 0
    }
  }
}