model,cv_r2,train_r2,overfit_gap,objective,params
XGBoost,0.49950814997343923,0.6736145434562114,0.17410639348277218,0.4874549532320531,"{'n_estimators': 459, 'learning_rate': 0.012098466377773039, 'max_depth': 3, 'min_child_weight': 16, 'subsample': 0.507569060549898, 'colsample_bytree': 0.6646378492008741, 'colsample_bylevel': 0.6443865478898068, 'gamma': 2.279944505533529, 'reg_alpha': 12.943957766644482, 'reg_lambda': 5.027082469717247}"
LightGBM,0.47955247842369175,0.6454282013900854,0.16587572296639364,0.47161461694049495,"{'n_estimators': 604, 'learning_rate': 0.007404472559987595, 'max_depth': 3, 'num_leaves': 61, 'min_child_samples': 49, 'subsample': 0.7425192044349384, 'colsample_bytree': 0.5913841307520112, 'reg_alpha': 1.8790490260574548, 'reg_lambda': 11.210796318145883, 'min_split_gain': 0.24806862218282058}"
CatBoost,0.48507643544419626,0.6462661014393616,0.16118966599516532,0.4794816024466136,"{'iterations': 797, 'learning_rate': 0.011771918341983096, 'depth': 5, 'l2_leaf_reg': 14.969637941771676, 'subsample': 0.5966407812928861, 'bagging_temperature': 0.5775914665386952, 'random_strength': 1.4192675343294083}"
